Dzier_awa BT43736 7/2018, ksiegowanie
dzier_awa, ksiegowanie
ENERGIA BT-24265 6/2018, ksiegowanie
Energia BT42054 7/2018 D, ksiegowanie
Dzier_awa BT44214 9/2018 + energia 9/2018, ksiegowanie
Dzier_awa BT44214 11/2018 energia 11/2018, ksiegowanie
Dzier_awa, ksiegowanie
Energia, ksiegowanie
duplikat, odrzucenie
duplikat Dzier_awa BT43736 3/2018, odrzucenie
duplikat dzier_awa, odrzucenie
duplikat ENERGIA BT-24265 5/2018, odrzucenie
UWAGA: waloryzacja, odrzucenie
waloryzacja, odrzucenie
CK433 sprawdzone, ksiegowanie
CK469 sprawdzone, ksiegowanie
UWAGA Dzier_awa! Do zap_aty 3800 05 PLN (netto) / 4676 52 PLN (brutto) kwota pomniejszona o waloryzacj_ 28 23 PLN(brutto), odrzucenie
kwota pomniejszona o waloryzacj_, odrzucenie
konserwacja, odrzucenie
Uwaga konserwacja, odrzucenie
cesja, odrzucenie
Cesja na konto dostawcy, odrzucenie
mail, ksiegowanie
Mail od dostawcy, ksiegowanie
Mail, ksiegowanie
pismo z 08/12/2018, ksiegowanie
Pismo, ksiegowanie
cesja na wezwanie banku, odrzucenie
PRZEDP_ATA, odrzucenie
Przedp_ata, odrzucenie
Przedplata, odrzucenie
nie p_aci_ odsetek, odrzucenie
nie placic, odrzucenie
zaj_cie komornicze, odrzucenie
komornik, odrzucenie
ZAJ_CIE KOMORNICZE, odrzucenie
Zaj_cie komornicze, odrzucenie
Komornik, odrzucenie
Zaj_cie komornicze energia zwolniona, odrzucenie
Energia zwolniona, odrzucenie
Energia zwolniona kont. M. Klosiewicz ZAJ_CIE KOMORNICZE, odrzucenie
ZAJ. WIERZYTELNO_CI ZARZ_DCA, odrzucenie
komornik, odrzucenie
metoda kasowa, odrzucenie
METODA KASOWA, odrzucenie
korekta, odrzucenie
kompensata, odrzucenie
syndyk, odrzucenie
odsetki, ksiegowanie
Korekta za 08/18 do rozliczenia! M.Klient, odrzucenie
Cesja na konto dostawcy, odrzucenie
Miejski Zarz_d Dr_g Transportu, ksiegowanie
Uwaga: do zap_aty jak najszybciej, ksiegowanie
Uwaga pro_sba o jak najszybsza wyplate, ksiegowanie
uwaga: p_osba o priorytetowe potraktowanie, ksiegowanie